measure_id,measure_name,location_id,location_name,sex_id,sex_name,age_id,age_name,cause_id,cause_name,metric_id,metric_name,year,val,upper,lower
1,Deaths,49,Macedonia,3,Both,22,All Ages,493,Ischemic heart disease,3,Rate,2015,179.3957290972969,188.37893417893366,170.22552853675643
1,Deaths,49,Macedonia,3,Both,22,All Ages,494,Stroke,3,Rate,2015,218.86629420636703,230.25681649068162,208.999979115809
1,Deaths,147,Libya,3,Both,22,All Ages,493,Ischemic heart disease,3,Rate,2015,124.87072294314426,139.9503144733256,109.26253708480442
1,Deaths,147,Libya,3,Both,22,All Ages,494,Stroke,3,Rate,2015,37.16988046078257,44.94139121581011,29.2021248570351
1,Deaths,123,Peru,3,Both,22,All Ages,493,Ischemic heart disease,3,Rate,2015,43.24526075679554,46.44754679374083,39.955769692358636
1,Deaths,123,Peru,3,Both,22,All Ages,494,Stroke,3,Rate,2015,23.277322493402192,25.233127629782995,21.3266106684567
1,Deaths,98,Chile,3,Both,22,All Ages,493,Ischemic heart disease,3,Rate,2015,64.82373026781667,67.27912551420178,62.83964041386894
1,Deaths,98,Chile,3,Both,22,All Ages,494,Stroke,3,Rate,2015,53.42447340717186,55.60538766493856,51.62356428198987
1,Deaths,25,Federated States of Micronesia,3,Both,22,All Ages,493,Ischemic heart disease,3,Rate,2015,122.83340420076085,140.0281523210606,106.28613192090229
1,Deaths,25,Federated States of Micronesia,3,Both,22,All Ages,494,Stroke,3,Rate,2015,83.21449160716843,95.47762099289487,70.9709170704563
1,Deaths,50,Montenegro,3,Both,22,All Ages,493,Ischemic heart disease,3,Rate,2015,224.95157488103098,239.87717160666688,211.63296222365267
1,Deaths,50,Montenegro,3,Both,22,All Ages,494,Stroke,3,Rate,2015,278.9833053112628,294.76016720148584,263.38432652986023
1,Deaths,74,Andorra,3,Both,22,All Ages,493,Ischemic heart disease,3,Rate,2015,101.75504479845284,114.85058281260835,91.253407245494
1,Deaths,74,Andorra,3,Both,22,All Ages,494,Stroke,3,Rate,2015,55.129408537569795,62.06438054119221,48.84958282633552
1,Deaths,172,Equatorial Guinea,3,Both,22,All Ages,493,Ischemic heart disease,3,Rate,2015,20.4060494680638,28.587112043337243,14.357021639025321
1,Deaths,172,Equatorial Guinea,3,Both,22,All Ages,494,Stroke,3,Rate,2015,15.970329550148412,22.263246659674117,10.963802129067286
1,Deaths,198,Zimbabwe,3,Both,22,All Ages,493,Ischemic heart disease,3,Rate,2015,59.77582797321825,68.32224913076769,51.55400526178379
1,Deaths,198,Zimbabwe,3,Both,22,All Ages,494,Stroke,3,Rate,2015,30.715461302909528,35.43409722218747,26.400706433579888
1,Deaths,99,Uruguay,3,Both,22,All Ages,493,Ischemic heart disease,3,Rate,2015,118.8257023815089,123.79888798028404,114.87536031052734
1,Deaths,99,Uruguay,3,Both,22,All Ages,494,Stroke,3,Rate,2015,93.76085425150819,98.1476652532823,90.51763979823896
1,Deaths,173,Gabon,3,Both,22,All Ages,493,Ischemic heart disease,3,Rate,2015,60.6358543333378,69.69229527834719,53.21008751317437
1,Deaths,173,Gabon,3,Both,22,All Ages,494,Stroke,3,Rate,2015,39.15705697044021,46.07491267032621,33.93825221671325
1,Deaths,75,Austria,3,Both,22,All Ages,493,Ischemic heart disease,3,Rate,2015,203.83256086757692,223.73099969811875,196.66849345895974
1,Deaths,75,Austria,3,Both,22,All Ages,494,Stroke,3,Rate,2015,55.375826392202704,60.70876260381315,52.82212207571696
1,Deaths,26,Papua New Guinea,3,Both,22,All Ages,493,Ischemic heart disease,3,Rate,2015,118.32015590456048,141.0921496076468,100.51200995443345
1,Deaths,26,Papua New Guinea,3,Both,22,All Ages,494,Stroke,3,Rate,2015,87.55851343849014,104.8959104069109,72.8298061385235
1,Deaths,51,Poland,3,Both,22,All Ages,493,Ischemic heart disease,3,Rate,2015,253.20115636437382,259.5616393504515,247.53794454358976
1,Deaths,51,Poland,3,Both,22,All Ages,494,Stroke,3,Rate,2015,99.50878903893269,103.40399415680193,95.53593151920268
1,Deaths,148,Morocco,3,Both,22,All Ages,493,Ischemic heart disease,3,Rate,2015,208.22379000928404,238.90102152152696,180.49082152188603
1,Deaths,148,Morocco,3,Both,22,All Ages,494,Stroke,3,Rate,2015,74.8494699996179,89.33089058747993,61.30590993955695
1,Deaths,125,Colombia,3,Both,22,All Ages,493,Ischemic heart disease,3,Rate,2015,73.78967025039512,75.6191026387764,69.7622536814918
1,Deaths,125,Colombia,3,Both,22,All Ages,494,Stroke,3,Rate,2015,28.968020950418733,30.044980714497733,27.200031745522434
1,Deaths,27,Samoa,3,Both,22,All Ages,493,Ischemic heart disease,3,Rate,2015,100.72079273604245,111.91510608235197,88.70572604356373
1,Deaths,27,Samoa,3,Both,22,All Ages,494,Stroke,3,Rate,2015,67.58436400112393,75.76453036514366,59.40485341791679
1,Deaths,305,Bermuda,3,Both,22,All Ages,493,Ischemic heart disease,3,Rate,2015,141.83586601174804,150.70981357934323,133.91960852860166
1,Deaths,305,Bermuda,3,Both,22,All Ages,494,Stroke,3,Rate,2015,56.83514114778295,61.05029962674653,52.89896267147321
1,Deaths,76,Belgium,3,Both,22,All Ages,493,Ischemic heart disease,3,Rate,2015,136.7798866335751,144.39599851030943,131.68636529148702
1,Deaths,76,Belgium,3,Both,22,All Ages,494,Stroke,3,Rate,2015,73.39412837069881,77.71729292173615,70.02158949290312
1,Deaths,102,United States,3,Both,22,All Ages,493,Ischemic heart disease,3,Rate,2015,157.9474142880431,161.84065804972155,154.79236667424743
1,Deaths,102,United States,3,Both,22,All Ages,494,Stroke,3,Rate,2015,51.0797606000767,52.612392638404714,49.692795655722804
1,Deaths,126,Costa Rica,3,Both,22,All Ages,493,Ischemic heart disease,3,Rate,2015,74.03978043394805,76.87225082990969,70.88892381108231
1,Deaths,126,Costa Rica,3,Both,22,All Ages,494,Stroke,3,Rate,2015,28.867201202685653,30.346680838115972,27.385606583659985
1,Deaths,53,Serbia,3,Both,22,All Ages,493,Ischemic heart disease,3,Rate,2015,357.69744607527514,374.89350421278084,344.1224273671538
1,Deaths,53,Serbia,3,Both,22,All Ages,494,Stroke,3,Rate,2015,302.7384235372289,317.4586130155791,290.75960661309296
1,Deaths,298,American Samoa,3,Both,22,All Ages,493,Ischemic heart disease,3,Rate,2015,86.36324638734446,94.60106089254397,78.41635316081187
1,Deaths,298,American Samoa,3,Both,22,All Ages,494,Stroke,3,Rate,2015,52.49930476994973,57.09970850691004,47.93010944078341
1,Deaths,175,Burundi,3,Both,22,All Ages,493,Ischemic heart disease,3,Rate,2015,34.57236181068861,41.30193224931795,29.08842745383042
1,Deaths,175,Burundi,3,Both,22,All Ages,494,Stroke,3,Rate,2015,30.014377778055827,36.16872951366471,24.521117624259816
1,Deaths,149,Palestine,3,Both,22,All Ages,493,Ischemic heart disease,3,Rate,2015,64.05018667616072,67.37103839798075,60.91839680489353
1,Deaths,149,Palestine,3,Both,22,All Ages,494,Stroke,3,Rate,2015,32.73245687447234,34.44982309104639,30.937712353917803
1,Deaths,201,Burkina Faso,3,Both,22,All Ages,493,Ischemic heart disease,3,Rate,2015,46.05561743028498,51.785856306100726,40.7442011819079
1,Deaths,201,Burkina Faso,3,Both,22,All Ages,494,Stroke,3,Rate,2015,27.78077508791555,31.295651913207585,24.414815106752368
1,Deaths,77,Cyprus,3,Both,22,All Ages,493,Ischemic heart disease,3,Rate,2015,114.69868951253443,128.9393990776482,106.85038431840249
1,Deaths,77,Cyprus,3,Both,22,All Ages,494,Stroke,3,Rate,2015,44.987832668461884,50.815649603124,41.63100204149965
1,Deaths,349,Greenland,3,Both,22,All Ages,493,Ischemic heart disease,3,Rate,2015,91.28358974944744,98.25138852123409,85.74372790682042
1,Deaths,349,Greenland,3,Both,22,All Ages,494,Stroke,3,Rate,2015,64.43172372512939,69.6438330052657,60.13897057794631
1,Deaths,28,Solomon Islands,3,Both,22,All Ages,493,Ischemic heart disease,3,Rate,2015,102.92392046621936,114.62285623281787,91.65001078197433
1,Deaths,52,Romania,3,Both,22,All Ages,493,Ischemic heart disease,3,Rate,2015,336.7353587364689,350.8282598000753,328.70221768000414
1,Deaths,52,Romania,3,Both,22,All Ages,494,Stroke,3,Rate,2015,248.91450753753656,260.019575456482,241.55544125120673
1,Deaths,200,Benin,3,Both,22,All Ages,493,Ischemic heart disease,3,Rate,2015,32.35152764824939,38.16111306517744,27.208079548259356
1,Deaths,200,Benin,3,Both,22,All Ages,494,Stroke,3,Rate,2015,32.22330100903348,38.329825136937615,26.94462522908456
1,Deaths,150,Oman,3,Both,22,All Ages,493,Ischemic heart disease,3,Rate,2015,64.83441355056833,75.06775463552191,54.88783329981444
1,Deaths,522,Sudan,3,Both,22,All Ages,494,Stroke,3,Rate,2015,46.389712676889744,57.21507756485877,36.81237646369302
1,Deaths,202,Cameroon,3,Both,22,All Ages,493,Ischemic heart disease,3,Rate,2015,32.983885380155954,40.30509564471293,26.021760932621902
1,Deaths,202,Cameroon,3,Both,22,All Ages,494,Stroke,3,Rate,2015,32.561439398723316,39.94669763072115,26.516672436231715
1,Deaths,101,Canada,3,Both,22,All Ages,493,Ischemic heart disease,3,Rate,2015,130.69921662105375,134.69435704918456,127.13150101790168
1,Deaths,101,Canada,3,Both,22,All Ages,494,Stroke,3,Rate,2015,48.31130793061061,50.44886380593882,46.34712903199338
1,Deaths,54,Slovakia,3,Both,22,All Ages,493,Ischemic heart disease,3,Rate,2015,312.38115793006216,332.30542819416263,302.7257420669883
1,Deaths,54,Slovakia,3,Both,22,All Ages,494,Stroke,3,Rate,2015,96.60568180734614,103.27705548732334,91.67261289196932
1,Deaths,28,Solomon Islands,3,Both,22,All Ages,494,Stroke,3,Rate,2015,67.05842592378487,74.43994023246913,60.1568275029622
1,Deaths,150,Oman,3,Both,22,All Ages,494,Stroke,3,Rate,2015,19.649615316336213,22.575596965080702,16.90749957483883
1,Deaths,55,Slovenia,3,Both,22,All Ages,493,Ischemic heart disease,3,Rate,2015,155.02873871562653,176.2682139214541,146.79862534039552
1,Deaths,55,Slovenia,3,Both,22,All Ages,494,Stroke,3,Rate,2015,86.66462937766578,98.2779520679768,81.86811138180671
1,Deaths,105,Antigua and Barbuda,3,Both,22,All Ages,493,Ischemic heart disease,3,Rate,2015,80.09703394836828,85.4399251816471,75.17603974627501
1,Deaths,105,Antigua and Barbuda,3,Both,22,All Ages,494,Stroke,3,Rate,2015,62.66282012120886,66.76951552334936,58.51391260287646
1,Deaths,78,Denmark,3,Both,22,All Ages,493,Ischemic heart disease,3,Rate,2015,113.51907063842386,120.41970750000684,109.19745776309284
1,Deaths,78,Denmark,3,Both,22,All Ages,494,Stroke,3,Rate,2015,67.82844439979164,72.33187025885967,64.72901646772215
1,Deaths,6,China,3,Both,22,All Ages,493,Ischemic heart disease,3,Rate,2015,121.10246170903744,124.7586107628108,117.64572781893457
1,Deaths,6,China,3,Both,22,All Ages,494,Stroke,3,Rate,2015,145.8551403007812,150.17286628268027,141.91183108920796
1,Deaths,176,Comoros,3,Both,22,All Ages,493,Ischemic heart disease,3,Rate,2015,66.11769363007538,77.87450023385497,55.279519888020886
1,Deaths,176,Comoros,3,Both,22,All Ages,494,Stroke,3,Rate,2015,44.917487154261984,53.853410410225,38.13124428060381
1,Deaths,152,Saudi Arabia,3,Both,22,All Ages,493,Ischemic heart disease,3,Rate,2015,62.164224980239744,69.73460092964189,55.69145744456292
1,Deaths,152,Saudi Arabia,3,Both,22,All Ages,494,Stroke,3,Rate,2015,22.48819898142802,25.40761086414041,19.92048322324219
1,Deaths,7,North Korea,3,Both,22,All Ages,493,Ischemic heart disease,3,Rate,2015,114.35403834218181,133.52050224686903,94.5764629543172
1,Deaths,7,North Korea,3,Both,22,All Ages,494,Stroke,3,Rate,2015,186.5240772742118,209.50728992254574,162.86494713768548
1,Deaths,10,Cambodia,3,Both,22,All Ages,494,Stroke,3,Rate,2015,83.79391284683959,93.28885629878096,76.2064904569508
1,Deaths,57,Belarus,3,Both,22,All Ages,493,Ischemic heart disease,3,Rate,2015,546.6890269433842,557.3082542492263,536.676705628449
1,Deaths,57,Belarus,3,Both,22,All Ages,494,Stroke,3,Rate,2015,162.20112999827884,167.9700047941546,155.8681161280099
1,Deaths,106,The Bahamas,3,Both,22,All Ages,493,Ischemic heart disease,3,Rate,2015,77.92302296992571,83.55701079350824,73.09975875667773
1,Deaths,106,The Bahamas,3,Both,22,All Ages,494,Stroke,3,Rate,2015,51.73230459728901,55.81906296126735,48.1067991511893
1,Deaths,130,Mexico,3,Both,22,All Ages,493,Ischemic heart disease,3,Rate,2015,76.39247845914485,77.56840589897357,74.56456964260308
1,Deaths,130,Mexico,3,Both,22,All Ages,494,Stroke,3,Rate,2015,27.366605698502486,27.830477547513325,26.663463470854154
1,Deaths,29,Tonga,3,Both,22,All Ages,493,Ischemic heart disease,3,Rate,2015,87.28358408638114,97.34380310953043,78.66833661436252
1,Deaths,29,Tonga,3,Both,22,All Ages,494,Stroke,3,Rate,2015,50.827277453480406,57.18576538124638,44.86128531370542
1,Deaths,204,Chad,3,Both,22,All Ages,493,Ischemic heart disease,3,Rate,2015,36.639420611018906,43.43098904980725,30.47135133179383
1,Deaths,204,Chad,3,Both,22,All Ages,494,Stroke,3,Rate,2015,34.358972160571206,40.50566279010504,28.84966600062515
1,Deaths,151,Qatar,3,Both,22,All Ages,493,Ischemic heart disease,3,Rate,2015,22.479122816003446,26.59989837027501,18.87121277309944
1,Deaths,151,Qatar,3,Both,22,All Ages,494,Stroke,3,Rate,2015,6.289850742924569,7.433277076000325,5.283826192776626
1,Deaths,127,El Salvador,3,Both,22,All Ages,493,Ischemic heart disease,3,Rate,2015,105.06018875586207,114.29412853149984,95.57750092069956
1,Deaths,127,El Salvador,3,Both,22,All Ages,494,Stroke,3,Rate,2015,32.913819879351266,36.15474198263969,29.747356417488426
1,Deaths,33,Armenia,3,Both,22,All Ages,493,Ischemic heart disease,3,Rate,2015,297.39882165090626,312.2970910438639,290.96260666626785
1,Deaths,33,Armenia,3,Both,22,All Ages,494,Stroke,3,Rate,2015,82.32872186615849,86.5680370859128,79.45492208864675
1,Deaths,30,Vanuatu,3,Both,22,All Ages,493,Ischemic heart disease,3,Rate,2015,137.1170010996413,171.85554552713455,103.91832878770995
1,Deaths,522,Sudan,3,Both,22,All Ages,493,Ischemic heart disease,3,Rate,2015,104.61382381404923,125.28077988911735,85.27267604984547
1,Deaths,177,Djibouti,3,Both,22,All Ages,493,Ischemic heart disease,3,Rate,2015,47.08866803054099,61.97595580622169,34.41896500914654
1,Deaths,177,Djibouti,3,Both,22,All Ages,494,Stroke,3,Rate,2015,30.992308235950954,41.085975177877,22.79766282025175
1,Deaths,79,Finland,3,Both,22,All Ages,493,Ischemic heart disease,3,Rate,2015,209.8984840476624,227.51076862722232,201.5241453957963
1,Deaths,79,Finland,3,Both,22,All Ages,494,Stroke,3,Rate,2015,77.88609893598979,84.43832096952848,73.97556728887005
1,Deaths,30,Vanuatu,3,Both,22,All Ages,494,Stroke,3,Rate,2015,86.82199322986497,109.52771203847173,67.12481915479307
1,Deaths,8,Taiwan (Province of China),3,Both,22,All Ages,493,Ischemic heart disease,3,Rate,2015,70.7021034148058,72.90027810521504,68.4878626108372
1,Deaths,8,Taiwan (Province of China),3,Both,22,All Ages,494,Stroke,3,Rate,2015,53.07818118415039,54.846369721201256,51.156384420051154
1,Deaths,131,Nicaragua,3,Both,22,All Ages,493,Ischemic heart disease,3,Rate,2015,56.07287108194745,58.841627222051,54.581306282572186
1,Deaths,131,Nicaragua,3,Both,22,All Ages,494,Stroke,3,Rate,2015,23.376136149659445,24.6607160409688,22.39977421978333
1,Deaths,153,Syria,3,Both,22,All Ages,493,Ischemic heart disease,3,Rate,2015,160.93492565487728,182.69359366556802,141.94439880733748
1,Deaths,153,Syria,3,Both,22,All Ages,494,Stroke,3,Rate,2015,39.144735029354635,44.43735756356439,34.14067653491095
1,Deaths,34,Azerbaijan,3,Both,22,All Ages,493,Ischemic heart disease,3,Rate,2015,256.4848659357584,269.28962977767554,243.06455288452983
1,Deaths,34,Azerbaijan,3,Both,22,All Ages,494,Stroke,3,Rate,2015,93.5015610233096,100.24944210180215,87.04987336479412
1,Deaths,58,Estonia,3,Both,22,All Ages,493,Ischemic heart disease,3,Rate,2015,310.1564914301959,409.4764395778923,282.7005736482631
1,Deaths,58,Estonia,3,Both,22,All Ages,494,Stroke,3,Rate,2015,77.54637529096881,102.98582833335422,69.90174415858115
1,Deaths,205,Cote d'Ivoire,3,Both,22,All Ages,493,Ischemic heart disease,3,Rate,2015,48.3372438433347,55.56142543464804,41.48353915745695
1,Deaths,205,Cote d'Ivoire,3,Both,22,All Ages,494,Stroke,3,Rate,2015,37.05134925158144,42.709920968234755,31.602950989763915
1,Deaths,11,Indonesia,3,Both,22,All Ages,493,Ischemic heart disease,3,Rate,2015,89.05088660048692,94.23257912940751,84.41904578832893
1,Deaths,11,Indonesia,3,Both,22,All Ages,494,Stroke,3,Rate,2015,117.88929240379473,124.81642746794915,111.66182873993966
1,Deaths,351,Guam,3,Both,22,All Ages,493,Ischemic heart disease,3,Rate,2015,192.8082949989412,203.3025944058182,182.09468651886542
1,Deaths,351,Guam,3,Both,22,All Ages,494,Stroke,3,Rate,2015,57.17634614001074,61.18752660148663,53.30343641318012
1,Deaths,128,Guatemala,3,Both,22,All Ages,493,Ischemic heart disease,3,Rate,2015,47.75520333379573,49.11998255614498,46.030807955737345
1,Deaths,128,Guatemala,3,Both,22,All Ages,494,Stroke,3,Rate,2015,24.05573832397746,25.020769796034298,22.964724128103178
1,Deaths,180,Kenya,3,Both,22,All Ages,493,Ischemic heart disease,3,Rate,2015,29.66920032263088,34.72634574318293,25.949997171481805
1,Deaths,180,Kenya,3,Both,22,All Ages,494,Stroke,3,Rate,2015,28.987667190657888,33.04472180486145,25.267362527967908
1,Deaths,203,Cape Verde,3,Both,22,All Ages,493,Ischemic heart disease,3,Rate,2015,81.98443205376446,87.48698174450526,76.75531557233862
1,Deaths,203,Cape Verde,3,Both,22,All Ages,494,Stroke,3,Rate,2015,38.718550569613534,43.1595371833509,34.03340539878126
1,Deaths,109,Cuba,3,Both,22,All Ages,493,Ischemic heart disease,3,Rate,2015,180.2624262074008,187.19566885672108,175.30581705831372
1,Deaths,109,Cuba,3,Both,22,All Ages,494,Stroke,3,Rate,2015,84.5824695615005,88.9977351868397,81.37261599398369
1,Deaths,422,"Virgin Islands, U.S.",3,Both,22,All Ages,493,Ischemic heart disease,3,Rate,2015,241.3551938531914,261.88356672060996,211.22041227556974
1,Deaths,422,"Virgin Islands, U.S.",3,Both,22,All Ages,494,Stroke,3,Rate,2015,78.6035361817912,86.49685577402718,68.5646474828989
1,Deaths,154,Tunisia,3,Both,22,All Ages,493,Ischemic heart disease,3,Rate,2015,184.16351047780955,217.4119343472668,154.22198319134623
1,Deaths,154,Tunisia,3,Both,22,All Ages,494,Stroke,3,Rate,2015,67.22470111952809,80.15704510384126,56.14323359923559
1,Deaths,35,Georgia,3,Both,22,All Ages,493,Ischemic heart disease,3,Rate,2015,373.97328990035584,408.50442397036954,360.55868841022675
1,Deaths,35,Georgia,3,Both,22,All Ages,494,Stroke,3,Rate,2015,263.6680260633618,290.2910864596537,252.13132128598428
1,Deaths,178,Eritrea,3,Both,22,All Ages,493,Ischemic heart disease,3,Rate,2015,34.41589873833932,40.605440139693606,28.415132684513537
1,Deaths,178,Eritrea,3,Both,22,All Ages,494,Stroke,3,Rate,2015,34.505486886540965,40.62648737733666,28.325664902071907
1,Deaths,80,France,3,Both,22,All Ages,493,Ischemic heart disease,3,Rate,2015,102.22950447357098,109.20434101970896,98.30345250189087
1,Deaths,80,France,3,Both,22,All Ages,494,Stroke,3,Rate,2015,57.82139654804418,61.81598325163451,55.07089661388197
1,Deaths,60,Lithuania,3,Both,22,All Ages,494,Stroke,3,Rate,2015,168.86213319338216,175.2566299182895,163.27850501764567
1,Deaths,110,Dominica,3,Both,22,All Ages,493,Ischemic heart disease,3,Rate,2015,110.90229506118715,118.17540959110667,104.00022840866636
1,Deaths,129,Honduras,3,Both,22,All Ages,493,Ischemic heart disease,3,Rate,2015,86.39439262695613,101.34609498843878,71.19679830815714
1,Deaths,129,Honduras,3,Both,22,All Ages,494,Stroke,3,Rate,2015,31.762558161573043,37.72746900377614,26.239512781222142
1,Deaths,84,Ireland,3,Both,22,All Ages,493,Ischemic heart disease,3,Rate,2015,109.41451001300574,114.64118381480483,105.28544981905539
1,Deaths,84,Ireland,3,Both,22,All Ages,494,Stroke,3,Rate,2015,43.4766311673808,45.859726994560376,41.45847629580562
1,Deaths,208,Guinea,3,Both,22,All Ages,493,Ischemic heart disease,3,Rate,2015,65.28839045258069,73.3483399222745,57.627069365535554
1,Deaths,208,Guinea,3,Both,22,All Ages,494,Stroke,3,Rate,2015,56.32403680867285,64.30847812642193,49.01168880333325
1,Deaths,181,Madagascar,3,Both,22,All Ages,493,Ischemic heart disease,3,Rate,2015,41.13225684616503,48.53478824714194,34.47159438576889
1,Deaths,181,Madagascar,3,Both,22,All Ages,494,Stroke,3,Rate,2015,61.451833940669154,72.50907900462742,51.663873040292394
1,Deaths,376,Northern Mariana Islands,3,Both,22,All Ages,493,Ischemic heart disease,3,Rate,2015,82.49586172598873,90.68856016176167,75.05999939894306
1,Deaths,376,Northern Mariana Islands,3,Both,22,All Ages,494,Stroke,3,Rate,2015,55.329275582130975,61.49727194936824,49.73673464211646
1,Deaths,61,Moldova,3,Both,22,All Ages,493,Ischemic heart disease,3,Rate,2015,425.27993716201104,449.91774095068644,416.7817510371081
1,Deaths,61,Moldova,3,Both,22,All Ages,494,Stroke,3,Rate,2015,162.15418981061265,171.77037299100084,157.07383037845804
1,Deaths,179,Ethiopia,3,Both,22,All Ages,493,Ischemic heart disease,3,Rate,2015,25.4515704770342,29.390389148070792,21.702206069779056
1,Deaths,179,Ethiopia,3,Both,22,All Ages,494,Stroke,3,Rate,2015,19.469143967902635,22.5331618908124,16.624062166742405
1,Deaths,10,Cambodia,3,Both,22,All Ages,493,Ischemic heart disease,3,Rate,2015,45.47315245576585,51.30826952296558,40.4962936680862
1,Deaths,81,Germany,3,Both,22,All Ages,493,Ischemic heart disease,3,Rate,2015,227.49443002322676,241.71235422099764,220.46694570209826
1,Deaths,81,Germany,3,Both,22,All Ages,494,Stroke,3,Rate,2015,77.4530249253112,82.9981389695545,74.25100226609268
1,Deaths,62,Russian Federation,3,Both,22,All Ages,493,Ischemic heart disease,3,Rate,2015,390.52270535823914,403.24224851323874,385.7260656268683
1,Deaths,62,Russian Federation,3,Both,22,All Ages,494,Stroke,3,Rate,2015,217.22912381784343,223.92046358707236,214.15857739651904
1,Deaths,85,Israel,3,Both,22,All Ages,493,Ischemic heart disease,3,Rate,2015,67.22195250206806,69.6010953403484,64.90221762054443
1,Deaths,209,Guinea-Bissau,3,Both,22,All Ages,493,Ischemic heart disease,3,Rate,2015,53.01755482017251,61.07803256520023,45.51885642905623
1,Deaths,209,Guinea-Bissau,3,Both,22,All Ages,494,Stroke,3,Rate,2015,47.69022399932865,54.89481829739608,40.9882933151543
1,Deaths,112,Grenada,3,Both,22,All Ages,493,Ischemic heart disease,3,Rate,2015,142.78156670084672,150.37239696849656,135.1055227583122
1,Deaths,112,Grenada,3,Both,22,All Ages,494,Stroke,3,Rate,2015,114.56594720318444,121.81762510390523,107.9919722536953
1,Deaths,82,Greece,3,Both,22,All Ages,493,Ischemic heart disease,3,Rate,2015,225.50975837860202,233.7074499883576,218.89151344786816
1,Deaths,82,Greece,3,Both,22,All Ages,494,Stroke,3,Rate,2015,145.4785446169698,152.49210941521505,139.0019532492449
1,Deaths,155,Turkey,3,Both,22,All Ages,493,Ischemic heart disease,3,Rate,2015,104.92221443187236,110.56960251884227,98.86702461998271
1,Deaths,155,Turkey,3,Both,22,All Ages,494,Stroke,3,Rate,2015,47.96636056908157,51.02824939378184,45.081649940383784
1,Deaths,385,Puerto Rico,3,Both,22,All Ages,493,Ischemic heart disease,3,Rate,2015,107.49231490425157,113.69882142475036,103.40816920673979
1,Deaths,385,Puerto Rico,3,Both,22,All Ages,494,Stroke,3,Rate,2015,44.0028383548037,46.99833081384082,41.88785693863051
1,Deaths,107,Barbados,3,Both,22,All Ages,493,Ischemic heart disease,3,Rate,2015,101.18210547796532,107.83903544414383,94.32993358582677
1,Deaths,107,Barbados,3,Both,22,All Ages,494,Stroke,3,Rate,2015,96.2260686741404,102.17796705437006,89.8765907060572
1,Deaths,132,Panama,3,Both,22,All Ages,493,Ischemic heart disease,3,Rate,2015,61.75419448522793,63.63949430471964,59.77308302745468
1,Deaths,132,Panama,3,Both,22,All Ages,494,Stroke,3,Rate,2015,41.69752352950116,43.1825778404597,40.192492342275074
1,Deaths,39,Tajikistan,3,Both,22,All Ages,493,Ischemic heart disease,3,Rate,2015,119.97151339673859,126.75133782126159,113.7029756202749
1,Deaths,39,Tajikistan,3,Both,22,All Ages,494,Stroke,3,Rate,2015,51.82378403672296,55.537735777340295,48.51878937610211
1,Deaths,160,Afghanistan,3,Both,22,All Ages,493,Ischemic heart disease,3,Rate,2015,104.93207622249311,120.46826590542301,91.75239974967414
1,Deaths,160,Afghanistan,3,Both,22,All Ages,494,Stroke,3,Rate,2015,48.80944743520757,56.15879287427431,42.25099314742179
1,Deaths,63,Ukraine,3,Both,22,All Ages,493,Ischemic heart disease,3,Rate,2015,732.1336856210355,741.3325595548407,722.8617452825512
1,Deaths,63,Ukraine,3,Both,22,All Ages,494,Stroke,3,Rate,2015,204.93404156156663,210.27806621948352,199.3929472447037
1,Deaths,206,The Gambia,3,Both,22,All Ages,493,Ischemic heart disease,3,Rate,2015,64.35019736328417,72.69835414193109,56.0791700430701
1,Deaths,206,The Gambia,3,Both,22,All Ages,494,Stroke,3,Rate,2015,44.047503505804634,51.343371447304754,37.81495456347147
1,Deaths,113,Guyana,3,Both,22,All Ages,493,Ischemic heart disease,3,Rate,2015,122.14607773631533,130.29649438633012,114.86551120236386
1,Deaths,113,Guyana,3,Both,22,All Ages,494,Stroke,3,Rate,2015,91.09318244701838,96.92482045894312,85.67856051421268
1,Deaths,37,Kyrgyzstan,3,Both,22,All Ages,493,Ischemic heart disease,3,Rate,2015,183.0309597199355,187.24890747986507,180.2768297815759
1,Deaths,37,Kyrgyzstan,3,Both,22,All Ages,494,Stroke,3,Rate,2015,73.29269121671211,75.7316048828305,71.23073566778514
1,Deaths,59,Latvia,3,Both,22,All Ages,493,Ischemic heart disease,3,Rate,2015,447.346327893719,480.0902478930909,430.67899214324115
1,Deaths,108,Belize,3,Both,22,All Ages,493,Ischemic heart disease,3,Rate,2015,45.94366993098396,48.15177110018537,43.64715322265726
1,Deaths,108,Belize,3,Both,22,All Ages,494,Stroke,3,Rate,2015,29.252985616590664,30.742268911695724,27.725549234768064
1,Deaths,161,Bangladesh,3,Both,22,All Ages,493,Ischemic heart disease,3,Rate,2015,78.88992524779195,86.20909867086142,72.24270998175926
1,Deaths,161,Bangladesh,3,Both,22,All Ages,494,Stroke,3,Rate,2015,97.8409286464839,106.25924037652125,89.70644273859904
1,Deaths,12,Laos,3,Both,22,All Ages,493,Ischemic heart disease,3,Rate,2015,80.60291483408966,93.11835969639954,69.81974550645997
1,Deaths,12,Laos,3,Both,22,All Ages,494,Stroke,3,Rate,2015,84.68078957702954,96.34669774746136,73.63914450980805
1,Deaths,212,Mauritania,3,Both,22,All Ages,493,Ischemic heart disease,3,Rate,2015,49.03940573731565,56.89863005367685,41.59713812992305
1,Deaths,212,Mauritania,3,Both,22,All Ages,494,Stroke,3,Rate,2015,34.29575841227095,40.04876935130437,28.953308124742094
1,Deaths,14,Maldives,3,Both,22,All Ages,493,Ischemic heart disease,3,Rate,2015,56.43444125104494,59.87129390632611,53.005983910267325
1,Deaths,14,Maldives,3,Both,22,All Ages,494,Stroke,3,Rate,2015,22.04202472837823,23.6865388574765,20.3233638024054
1,Deaths,133,Venezuela,3,Both,22,All Ages,493,Ischemic heart disease,3,Rate,2015,103.61321367073006,111.22862520229116,95.91311131825049
1,Deaths,133,Venezuela,3,Both,22,All Ages,494,Stroke,3,Rate,2015,42.59055258283992,45.76551684651055,39.05675689857542
1,Deaths,38,Mongolia,3,Both,22,All Ages,493,Ischemic heart disease,3,Rate,2015,114.08924230189264,122.87521284248977,106.08889890398436
1,Deaths,38,Mongolia,3,Both,22,All Ages,494,Stroke,3,Rate,2015,97.10032354710403,104.78756615909339,90.49027731771568
1,Deaths,435,South Sudan,3,Both,22,All Ages,493,Ischemic heart disease,3,Rate,2015,34.51696429355653,44.98241059227795,26.01327854705696
1,Deaths,435,South Sudan,3,Both,22,All Ages,494,Stroke,3,Rate,2015,31.116495069859862,40.21848007128291,23.930807121474782
1,Deaths,41,Uzbekistan,3,Both,22,All Ages,493,Ischemic heart disease,3,Rate,2015,257.1661112306511,271.4491709351813,242.9097295457833
1,Deaths,41,Uzbekistan,3,Both,22,All Ages,494,Stroke,3,Rate,2015,76.04982069564363,80.86956713602054,71.34051644745861
1,Deaths,85,Israel,3,Both,22,All Ages,494,Stroke,3,Rate,2015,34.17059718975294,35.56630193593307,32.7434625064784
1,Deaths,15,Myanmar,3,Both,22,All Ages,493,Ischemic heart disease,3,Rate,2015,60.06680883327868,67.28895607774231,53.336913250613314
1,Deaths,15,Myanmar,3,Both,22,All Ages,494,Stroke,3,Rate,2015,66.7537907698343,73.34817443104362,59.69559467128813
1,Deaths,59,Latvia,3,Both,22,All Ages,494,Stroke,3,Rate,2015,228.90769519313073,247.0243185098644,218.59557058886307
1,Deaths,18,Thailand,3,Both,22,All Ages,493,Ischemic heart disease,3,Rate,2015,57.44993099135579,63.124699783506,54.26794126084235
1,Deaths,18,Thailand,3,Both,22,All Ages,494,Stroke,3,Rate,2015,55.798246598850945,61.403355977478014,52.67001139315766
1,Deaths,182,Malawi,3,Both,22,All Ages,493,Ischemic heart disease,3,Rate,2015,40.01466474681908,45.67108100429173,34.77968155169424
1,Deaths,182,Malawi,3,Both,22,All Ages,494,Stroke,3,Rate,2015,30.600863889945604,34.813816917576496,26.560797563607387
1,Deaths,156,United Arab Emirates,3,Both,22,All Ages,493,Ischemic heart disease,3,Rate,2015,35.78628648724473,44.4885864513163,28.35967292916771
1,Deaths,156,United Arab Emirates,3,Both,22,All Ages,494,Stroke,3,Rate,2015,16.799987701676272,20.708260426427227,13.456063042992668
1,Deaths,119,Trinidad and Tobago,3,Both,22,All Ages,493,Ischemic heart disease,3,Rate,2015,139.79728574201977,162.19348125245625,120.61004122261927
1,Deaths,119,Trinidad and Tobago,3,Both,22,All Ages,494,Stroke,3,Rate,2015,72.09158498168843,84.00073755385243,62.01058261361168
1,Deaths,110,Dominica,3,Both,22,All Ages,494,Stroke,3,Rate,2015,84.90884775304323,91.57211029454324,79.05328018375936
1,Deaths,13,Malaysia,3,Both,22,All Ages,493,Ischemic heart disease,3,Rate,2015,101.98430414603827,110.61422469757765,97.18786860433708
1,Deaths,13,Malaysia,3,Both,22,All Ages,494,Stroke,3,Rate,2015,54.57685585406496,59.40242535461822,51.48485933393044
1,Deaths,72,New Zealand,3,Both,22,All Ages,493,Ischemic heart disease,3,Rate,2015,128.5052344505275,133.02364556716978,124.56851652367233
1,Deaths,72,New Zealand,3,Both,22,All Ages,494,Stroke,3,Rate,2015,53.82723768180101,56.23167290144621,51.24646411924195
1,Deaths,83,Iceland,3,Both,22,All Ages,493,Ischemic heart disease,3,Rate,2015,129.35548070771722,134.48682552352642,125.40267815415692
1,Deaths,83,Iceland,3,Both,22,All Ages,494,Stroke,3,Rate,2015,43.555363514951146,45.9067539494949,41.297665922525994
1,Deaths,111,Dominican Republic,3,Both,22,All Ages,493,Ischemic heart disease,3,Rate,2015,128.29912513519602,139.00395250383636,117.41426276083847
1,Deaths,111,Dominican Republic,3,Both,22,All Ages,494,Stroke,3,Rate,2015,66.17555833562287,72.20247137782866,60.560199905763284
1,Deaths,69,Singapore,3,Both,22,All Ages,493,Ischemic heart disease,3,Rate,2015,60.778537678627124,63.45884375410703,58.96383191294044
1,Deaths,69,Singapore,3,Both,22,All Ages,494,Stroke,3,Rate,2015,25.308816983252175,26.367345334152915,24.390456638247354
1,Deaths,145,Kuwait,3,Both,22,All Ages,493,Ischemic heart disease,3,Rate,2015,44.70839331007627,46.54724392524968,43.06078695442652
1,Deaths,145,Kuwait,3,Both,22,All Ages,494,Stroke,3,Rate,2015,14.138645488691477,14.866962166456567,13.283979816610078
1,Deaths,87,Luxembourg,3,Both,22,All Ages,493,Ischemic heart disease,3,Rate,2015,112.85204499388053,120.83449397504054,105.58660937073965
1,Deaths,87,Luxembourg,3,Both,22,All Ages,494,Stroke,3,Rate,2015,56.830844754085945,61.37320836118169,52.52949079403575
1,Deaths,216,Senegal,3,Both,22,All Ages,493,Ischemic heart disease,3,Rate,2015,49.502577743437435,56.75501589363052,43.1918199082901
1,Deaths,216,Senegal,3,Both,22,All Ages,494,Stroke,3,Rate,2015,36.646687190529455,41.835951558020874,32.259522218092336
1,Deaths,48,Hungary,3,Both,22,All Ages,493,Ischemic heart disease,3,Rate,2015,366.44649633888525,384.43122819921086,355.8057004682706
1,Deaths,48,Hungary,3,Both,22,All Ages,494,Stroke,3,Rate,2015,126.4198102684667,132.4151132390477,121.649443723211
1,Deaths,71,Australia,3,Both,22,All Ages,493,Ischemic heart disease,3,Rate,2015,109.130649012671,112.80371002928176,105.52620315063665
1,Deaths,71,Australia,3,Both,22,All Ages,494,Stroke,3,Rate,2015,49.58685655274086,51.85291640547562,47.51553746021317
1,Deaths,144,Jordan,3,Both,22,All Ages,493,Ischemic heart disease,3,Rate,2015,41.714667475510346,46.56120387082071,38.05209440059053
1,Deaths,144,Jordan,3,Both,22,All Ages,494,Stroke,3,Rate,2015,20.955820227921055,23.569107942253847,19.066098376050835
1,Deaths,46,Croatia,3,Both,22,All Ages,493,Ischemic heart disease,3,Rate,2015,311.7331025353549,328.54151833419996,302.50198515314344
1,Deaths,46,Croatia,3,Both,22,All Ages,494,Stroke,3,Rate,2015,165.19232733514264,174.77819501845053,159.07591492811432
1,Deaths,187,Somalia,3,Both,22,All Ages,493,Ischemic heart disease,3,Rate,2015,47.170992378378465,60.09424334355488,36.131302493725876
1,Deaths,187,Somalia,3,Both,22,All Ages,494,Stroke,3,Rate,2015,40.987033932322525,51.97150319969687,30.818783465223575
1,Deaths,140,Bahrain,3,Both,22,All Ages,493,Ischemic heart disease,3,Rate,2015,39.76520195191935,42.787468694474704,36.81913309206815
1,Deaths,140,Bahrain,3,Both,22,All Ages,494,Stroke,3,Rate,2015,10.494139842395365,11.456924682610252,9.646893741978548
1,Deaths,162,Bhutan,3,Both,22,All Ages,493,Ischemic heart disease,3,Rate,2015,66.76374227137663,79.85882064588981,54.71290121673843
1,Deaths,162,Bhutan,3,Both,22,All Ages,494,Stroke,3,Rate,2015,34.27082439234989,42.83424728453579,27.248257640824683
1,Deaths,213,Niger,3,Both,22,All Ages,493,Ischemic heart disease,3,Rate,2015,24.528262877472656,30.42644163982244,18.063557672556563
1,Deaths,213,Niger,3,Both,22,All Ages,494,Stroke,3,Rate,2015,27.081306327878295,32.10936736280031,22.288790968907147
1,Deaths,185,Rwanda,3,Both,22,All Ages,493,Ischemic heart disease,3,Rate,2015,19.377103390662167,25.850781439451715,13.42555074660545
1,Deaths,168,Angola,3,Both,22,All Ages,493,Ischemic heart disease,3,Rate,2015,31.350911844091794,37.09796196226053,26.1136340103169
1,Deaths,168,Angola,3,Both,22,All Ages,494,Stroke,3,Rate,2015,26.31927438589516,30.428337729926287,22.555725603794055
1,Deaths,17,Sri Lanka,3,Both,22,All Ages,493,Ischemic heart disease,3,Rate,2015,108.40425603198922,119.0845273380754,97.28436001334514
1,Deaths,17,Sri Lanka,3,Both,22,All Ages,494,Stroke,3,Rate,2015,51.86959046078025,57.38572749161636,46.3769867506362
1,Deaths,157,Yemen,3,Both,22,All Ages,493,Ischemic heart disease,3,Rate,2015,103.095955314558,130.61777541340345,81.63334196049661
1,Deaths,157,Yemen,3,Both,22,All Ages,494,Stroke,3,Rate,2015,45.37511196785068,56.877586013380366,35.53225750289651
1,Deaths,189,Tanzania,3,Both,22,All Ages,493,Ischemic heart disease,3,Rate,2015,37.54461639333217,44.12119076333894,31.75740305632293
1,Deaths,189,Tanzania,3,Both,22,All Ages,494,Stroke,3,Rate,2015,24.792165436376145,29.177895240756353,20.84419023180682
1,Deaths,114,Haiti,3,Both,22,All Ages,493,Ischemic heart disease,3,Rate,2015,83.22491998748295,99.56425483690346,68.74833821532117
1,Deaths,114,Haiti,3,Both,22,All Ages,494,Stroke,3,Rate,2015,72.5904100149073,85.67813423805748,59.71163485357446
1,Deaths,135,Brazil,3,Both,22,All Ages,493,Ischemic heart disease,3,Rate,2015,78.43230461350173,79.76370349004452,76.60261757660692
1,Deaths,47,Czech Republic,3,Both,22,All Ages,493,Ischemic heart disease,3,Rate,2015,297.0272483575963,306.92110894300066,290.5629472415995
1,Deaths,47,Czech Republic,3,Both,22,All Ages,494,Stroke,3,Rate,2015,95.54464220412171,99.24028395942639,92.18956274039685
1,Deaths,45,Bulgaria,3,Both,22,All Ages,493,Ischemic heart disease,3,Rate,2015,470.8211016979931,487.9880159539213,459.0042547745191
1,Deaths,45,Bulgaria,3,Both,22,All Ages,494,Stroke,3,Rate,2015,300.695185648507,311.6847833111284,291.79254744009523
1,Deaths,67,Japan,3,Both,22,All Ages,493,Ischemic heart disease,3,Rate,2015,109.76783449133131,112.17872743751585,107.2819791024036
1,Deaths,67,Japan,3,Both,22,All Ages,494,Stroke,3,Rate,2015,100.23585565515013,102.38646589925114,97.89869834384972
1,Deaths,44,Bosnia and Herzegovina,3,Both,22,All Ages,494,Stroke,3,Rate,2015,198.07860654110655,207.66933106069777,184.76977696601617
1,Deaths,116,Saint Lucia,3,Both,22,All Ages,493,Ischemic heart disease,3,Rate,2015,72.24599305316663,76.19100248051133,68.12736716790057
1,Deaths,116,Saint Lucia,3,Both,22,All Ages,494,Stroke,3,Rate,2015,80.3629156245945,84.47084932102321,76.03542342541424
1,Deaths,117,Saint Vincent and the Grenadines,3,Both,22,All Ages,493,Ischemic heart disease,3,Rate,2015,133.00712955860675,139.49240065956812,126.34770121867997
1,Deaths,117,Saint Vincent and the Grenadines,3,Both,22,All Ages,494,Stroke,3,Rate,2015,89.84193847442579,94.90312889124351,84.9925462810859
1,Deaths,60,Lithuania,3,Both,22,All Ages,493,Ischemic heart disease,3,Rate,2015,521.4153756829429,537.1625437847077,511.52119866422834
1,Deaths,66,Brunei,3,Both,22,All Ages,493,Ischemic heart disease,3,Rate,2015,59.141303949438914,63.19264072397685,55.194608195520956
1,Deaths,66,Brunei,3,Both,22,All Ages,494,Stroke,3,Rate,2015,29.81037634331518,31.961445064978232,27.751222041949582
1,Deaths,164,Nepal,3,Both,22,All Ages,493,Ischemic heart disease,3,Rate,2015,97.16538771803641,110.62925025654185,83.30004443530544
1,Deaths,164,Nepal,3,Both,22,All Ages,494,Stroke,3,Rate,2015,45.12227892619555,52.090789621719644,38.351304006447926
1,Deaths,211,Mali,3,Both,22,All Ages,493,Ischemic heart disease,3,Rate,2015,35.43470751748021,41.73202719433027,29.63454500253541
1,Deaths,211,Mali,3,Both,22,All Ages,494,Stroke,3,Rate,2015,35.76902538985249,42.903594873542566,29.89179186617473
1,Deaths,90,Norway,3,Both,22,All Ages,493,Ischemic heart disease,3,Rate,2015,122.07500686732548,129.4704224877115,118.5295072638048
1,Deaths,90,Norway,3,Both,22,All Ages,494,Stroke,3,Rate,2015,59.316026916735055,63.140587846689996,57.28947336665676
1,Deaths,183,Mauritius,3,Both,22,All Ages,493,Ischemic heart disease,3,Rate,2015,128.50294159464823,133.94360066778574,124.5255665734862
1,Deaths,183,Mauritius,3,Both,22,All Ages,494,Stroke,3,Rate,2015,72.57897494810459,76.10921640441931,69.8120860572249
1,Deaths,88,Malta,3,Both,22,All Ages,493,Ischemic heart disease,3,Rate,2015,204.11234331410046,211.17742226022577,196.91860220335903
1,Deaths,40,Turkmenistan,3,Both,22,All Ages,493,Ischemic heart disease,3,Rate,2015,207.79587061925298,213.20704034853972,202.11812992618545
1,Deaths,40,Turkmenistan,3,Both,22,All Ages,494,Stroke,3,Rate,2015,102.6907373877606,106.23715472098245,98.95676745254386
1,Deaths,214,Nigeria,3,Both,22,All Ages,493,Ischemic heart disease,3,Rate,2015,24.86212095376871,33.757112175277996,18.28392779786774
1,Deaths,214,Nigeria,3,Both,22,All Ages,494,Stroke,3,Rate,2015,22.066712229035236,29.847766061411637,16.229106498412342
1,Deaths,88,Malta,3,Both,22,All Ages,494,Stroke,3,Rate,2015,69.46846917714,73.21356535785101,65.96802088833893
1,Deaths,89,Netherlands,3,Both,22,All Ages,493,Ischemic heart disease,3,Rate,2015,102.44491152131897,107.84393423649183,98.33172174452878
1,Deaths,89,Netherlands,3,Both,22,All Ages,494,Stroke,3,Rate,2015,61.34836559208882,64.82235064670473,58.68005155161945
1,Deaths,16,Philippines,3,Both,22,All Ages,493,Ischemic heart disease,3,Rate,2015,101.13090560101101,108.56203326240093,94.17912187515128
1,Deaths,16,Philippines,3,Both,22,All Ages,494,Stroke,3,Rate,2015,70.46078929221083,75.7888178532095,65.64573942355989
1,Deaths,136,Paraguay,3,Both,22,All Ages,493,Ischemic heart disease,3,Rate,2015,70.61727666938933,77.84642898856123,64.31210522260734
1,Deaths,136,Paraguay,3,Both,22,All Ages,494,Stroke,3,Rate,2015,47.31120635660763,52.24575879628643,43.02864902199753
1,Deaths,185,Rwanda,3,Both,22,All Ages,494,Stroke,3,Rate,2015,25.72287343751861,31.41705047460131,19.88647690360715
1,Deaths,210,Liberia,3,Both,22,All Ages,493,Ischemic heart disease,3,Rate,2015,46.344353500834856,53.42199892395747,39.569782961322055
1,Deaths,210,Liberia,3,Both,22,All Ages,494,Stroke,3,Rate,2015,32.835808332001136,38.021385559211275,28.201712768805596
1,Deaths,115,Jamaica,3,Both,22,All Ages,493,Ischemic heart disease,3,Rate,2015,74.35930186491545,81.95524838973108,66.63217317673958
1,Deaths,115,Jamaica,3,Both,22,All Ages,494,Stroke,3,Rate,2015,94.71638081841277,104.60339507307921,85.1767523646034
1,Deaths,139,Algeria,3,Both,22,All Ages,493,Ischemic heart disease,3,Rate,2015,119.32556808162316,130.36488539127907,110.62380640906689
1,Deaths,139,Algeria,3,Both,22,All Ages,494,Stroke,3,Rate,2015,47.34572290352248,52.93538467744477,41.72522491327874
1,Deaths,186,Seychelles,3,Both,22,All Ages,493,Ischemic heart disease,3,Rate,2015,91.49291733306208,97.26820205540832,85.96915036851067
1,Deaths,186,Seychelles,3,Both,22,All Ages,494,Stroke,3,Rate,2015,54.51514728140673,58.342771532713996,50.61590381691336
1,Deaths,165,Pakistan,3,Both,22,All Ages,493,Ischemic heart disease,3,Rate,2015,100.30224414657388,117.13443193992391,85.23134799759897
1,Deaths,165,Pakistan,3,Both,22,All Ages,494,Stroke,3,Rate,2015,54.76076541264598,63.38794786747511,46.2504906013283
1,Deaths,22,Fiji,3,Both,22,All Ages,493,Ischemic heart disease,3,Rate,2015,155.5780813274485,169.0922536562407,142.21812782974024
1,Deaths,22,Fiji,3,Both,22,All Ages,494,Stroke,3,Rate,2015,57.58052929039708,62.70561226158866,52.69184453969785
1,Deaths,163,India,3,Both,22,All Ages,493,Ischemic heart disease,3,Rate,2015,108.07545117247183,112.04204636908189,102.71345069562062
1,Deaths,163,India,3,Both,22,All Ages,494,Stroke,3,Rate,2015,51.017687871073484,53.26119502023377,48.089621664710194
1,Deaths,184,Mozambique,3,Both,22,All Ages,493,Ischemic heart disease,3,Rate,2015,33.7087972054951,38.42848590962755,29.126611313134163
1,Deaths,184,Mozambique,3,Both,22,All Ages,494,Stroke,3,Rate,2015,50.346482156122846,58.06434936215519,43.33624772850278
1,Deaths,36,Kazakhstan,3,Both,22,All Ages,493,Ischemic heart disease,3,Rate,2015,215.56596638310882,224.00008137257464,210.12814548414335
1,Deaths,36,Kazakhstan,3,Both,22,All Ages,494,Stroke,3,Rate,2015,110.10180970642874,115.08721426586547,105.69724070960783
1,Deaths,169,Central African Republic,3,Both,22,All Ages,493,Ischemic heart disease,3,Rate,2015,66.99848930746383,79.46780232153819,53.98152900041869
1,Deaths,91,Portugal,3,Both,22,All Ages,493,Ischemic heart disease,3,Rate,2015,119.46584843087477,125.9477394234051,113.88045031898966
1,Deaths,91,Portugal,3,Both,22,All Ages,494,Stroke,3,Rate,2015,133.25443995407838,140.34840482180354,127.57615571204987
1,Deaths,86,Italy,3,Both,22,All Ages,493,Ischemic heart disease,3,Rate,2015,160.85917336866555,176.46339062139998,154.40746703909707
1,Deaths,86,Italy,3,Both,22,All Ages,494,Stroke,3,Rate,2015,97.92986308099674,107.8017795957872,93.59638270945466
1,Deaths,19,Timor-Leste,3,Both,22,All Ages,493,Ischemic heart disease,3,Rate,2015,70.26678287874259,84.98663746304119,54.447565286481144
1,Deaths,19,Timor-Leste,3,Both,22,All Ages,494,Stroke,3,Rate,2015,82.4903763153162,94.49100380091916,69.0705365328669
1,Deaths,92,Spain,3,Both,22,All Ages,493,Ischemic heart disease,3,Rate,2015,119.41248864313151,125.88562816390157,115.2086073033389
1,Deaths,92,Spain,3,Both,22,All Ages,494,Stroke,3,Rate,2015,68.75774573611604,73.4492237546463,65.90794272076032
1,Deaths,215,Sao Tome and Principe,3,Both,22,All Ages,493,Ischemic heart disease,3,Rate,2015,50.565232875414566,58.08418764715547,43.63685427159266
1,Deaths,215,Sao Tome and Principe,3,Both,22,All Ages,494,Stroke,3,Rate,2015,44.95136988921764,53.05198381475615,38.91306774511339
1,Deaths,68,South Korea,3,Both,22,All Ages,493,Ischemic heart disease,3,Rate,2015,45.11489723209404,47.59104042619405,42.747545886378106
1,Deaths,68,South Korea,3,Both,22,All Ages,494,Stroke,3,Rate,2015,53.37147479391883,56.15297388917484,50.74457707417302
1,Deaths,207,Ghana,3,Both,22,All Ages,493,Ischemic heart disease,3,Rate,2015,51.8714598215584,58.51887377076512,45.878040885456365
1,Deaths,207,Ghana,3,Both,22,All Ages,494,Stroke,3,Rate,2015,51.137855865689474,58.399887983274546,44.55942336080232
1,Deaths,43,Albania,3,Both,22,All Ages,493,Ischemic heart disease,3,Rate,2015,201.79539450104548,235.5234689148751,172.41183186364478
1,Deaths,43,Albania,3,Both,22,All Ages,494,Stroke,3,Rate,2015,164.7653288482786,188.79489320093498,141.32166166400032
1,Deaths,135,Brazil,3,Both,22,All Ages,494,Stroke,3,Rate,2015,54.15930146159838,55.16126141034889,53.1361279245433
1,Deaths,190,Uganda,3,Both,22,All Ages,493,Ischemic heart disease,3,Rate,2015,23.015522361914538,27.924126756392123,18.47446251785396
1,Deaths,190,Uganda,3,Both,22,All Ages,494,Stroke,3,Rate,2015,21.535803948203622,25.206723134056922,18.012252812313616
1,Deaths,23,Kiribati,3,Both,22,All Ages,493,Ischemic heart disease,3,Rate,2015,94.4727611962052,107.34872560295807,82.3054555418026
1,Deaths,23,Kiribati,3,Both,22,All Ages,494,Stroke,3,Rate,2015,96.61532915765366,109.25645198042685,84.88047017445831
1,Deaths,193,Botswana,3,Both,22,All Ages,493,Ischemic heart disease,3,Rate,2015,49.100591542427296,55.36130358330155,43.976768838779705
1,Deaths,193,Botswana,3,Both,22,All Ages,494,Stroke,3,Rate,2015,41.25080409718925,46.87993578162182,36.514324863207364
1,Deaths,141,Egypt,3,Both,22,All Ages,493,Ischemic heart disease,3,Rate,2015,161.247537622889,171.78957661683708,150.93070532858906
1,Deaths,141,Egypt,3,Both,22,All Ages,494,Stroke,3,Rate,2015,52.304691781680994,57.439380529288584,47.4039764048629
1,Deaths,44,Bosnia and Herzegovina,3,Both,22,All Ages,493,Ischemic heart disease,3,Rate,2015,253.57612302865286,264.4002049942664,237.90653810336565
1,Deaths,217,Sierra Leone,3,Both,22,All Ages,493,Ischemic heart disease,3,Rate,2015,60.43409149583367,69.3388411996739,52.35306101134148
1,Deaths,20,Vietnam,3,Both,22,All Ages,493,Ischemic heart disease,3,Rate,2015,64.51776266502608,71.19291042290563,59.12101992149917
1,Deaths,20,Vietnam,3,Both,22,All Ages,494,Stroke,3,Rate,2015,113.77612379716469,125.26857255164782,104.72160010417562
1,Deaths,217,Sierra Leone,3,Both,22,All Ages,494,Stroke,3,Rate,2015,44.912884147996316,51.62561644279183,39.32725230571404
1,Deaths,24,Marshall Islands,3,Both,22,All Ages,493,Ischemic heart disease,3,Rate,2015,123.80220224545354,143.01783535451167,107.64246821156284
1,Deaths,24,Marshall Islands,3,Both,22,All Ages,494,Stroke,3,Rate,2015,93.47195275482433,108.44080492655917,81.16085882682918
1,Deaths,191,Zambia,3,Both,22,All Ages,493,Ischemic heart disease,3,Rate,2015,32.159312024666455,35.86454757472564,28.626127958131725
1,Deaths,191,Zambia,3,Both,22,All Ages,494,Stroke,3,Rate,2015,23.99170266999057,27.0777995901148,21.042621565450577
1,Deaths,146,Lebanon,3,Both,22,All Ages,493,Ischemic heart disease,3,Rate,2015,115.74985450343814,124.40237924037167,108.96410114101458
1,Deaths,146,Lebanon,3,Both,22,All Ages,494,Stroke,3,Rate,2015,24.131703581207134,27.781988709473193,21.335032160422497
1,Deaths,218,Togo,3,Both,22,All Ages,493,Ischemic heart disease,3,Rate,2015,46.789860212483816,55.04566885973454,39.48309587264133
1,Deaths,218,Togo,3,Both,22,All Ages,494,Stroke,3,Rate,2015,36.79076420736103,43.883753306439424,31.027374615735607
1,Deaths,142,Iran,3,Both,22,All Ages,493,Ischemic heart disease,3,Rate,2015,111.54106697066607,119.62751991216815,108.1604659942693
1,Deaths,142,Iran,3,Both,22,All Ages,494,Stroke,3,Rate,2015,43.03764751126609,46.17937417778889,41.527691568412735
1,Deaths,97,Argentina,3,Both,22,All Ages,493,Ischemic heart disease,3,Rate,2015,121.471301495005,124.87677958083395,117.65466663118751
1,Deaths,97,Argentina,3,Both,22,All Ages,494,Stroke,3,Rate,2015,53.057795522731325,55.177471018576774,50.890547065544204
1,Deaths,118,Suriname,3,Both,22,All Ages,493,Ischemic heart disease,3,Rate,2015,99.90205557851998,107.95044360752283,91.55048825790931
1,Deaths,118,Suriname,3,Both,22,All Ages,494,Stroke,3,Rate,2015,93.12023180400767,100.1204598504988,85.25495742422204
1,Deaths,171,Democratic Republic of the Congo,3,Both,22,All Ages,493,Ischemic heart disease,3,Rate,2015,45.47216723517779,53.01070779421002,38.222940150826716
1,Deaths,171,Democratic Republic of the Congo,3,Both,22,All Ages,494,Stroke,3,Rate,2015,35.26412091965801,41.532139782495314,29.50721073046082
1,Deaths,169,Central African Republic,3,Both,22,All Ages,494,Stroke,3,Rate,2015,55.88483511575571,67.78381132915936,44.541110469662485
1,Deaths,195,Namibia,3,Both,22,All Ages,494,Stroke,3,Rate,2015,47.09354343854945,54.66616632462105,40.420611384830835
1,Deaths,170,Congo,3,Both,22,All Ages,493,Ischemic heart disease,3,Rate,2015,60.03771610535874,69.14112300748754,50.984187434239466
1,Deaths,170,Congo,3,Both,22,All Ages,494,Stroke,3,Rate,2015,42.29224690956046,49.239066376191076,35.61215449768945
1,Deaths,93,Sweden,3,Both,22,All Ages,493,Ischemic heart disease,3,Rate,2015,184.31470622006418,202.81504520212073,176.987679097527
1,Deaths,93,Sweden,3,Both,22,All Ages,494,Stroke,3,Rate,2015,76.12409895449298,84.22572289921001,72.15939490043262
1,Deaths,94,Switzerland,3,Both,22,All Ages,493,Ischemic heart disease,3,Rate,2015,133.90776352926304,149.4805537780802,127.55510361564733
1,Deaths,94,Switzerland,3,Both,22,All Ages,494,Stroke,3,Rate,2015,49.33044868163165,55.734132705662184,46.32057638002221
1,Deaths,143,Iraq,3,Both,22,All Ages,493,Ischemic heart disease,3,Rate,2015,57.64640079553964,61.00417427670853,54.853456048093676
1,Deaths,143,Iraq,3,Both,22,All Ages,494,Stroke,3,Rate,2015,30.560192419337202,32.292553974186426,28.835840140629752
1,Deaths,196,South Africa,3,Both,22,All Ages,493,Ischemic heart disease,3,Rate,2015,61.75200024140202,64.2451761507388,59.77795176198707
1,Deaths,196,South Africa,3,Both,22,All Ages,494,Stroke,3,Rate,2015,49.46783684744294,51.76645912564233,47.790197078464
1,Deaths,121,Bolivia,3,Both,22,All Ages,493,Ischemic heart disease,3,Rate,2015,68.27485193787304,80.37217763589871,58.20669657618551
1,Deaths,121,Bolivia,3,Both,22,All Ages,494,Stroke,3,Rate,2015,40.789459202763176,48.76160309538099,33.63818615324726
1,Deaths,95,United Kingdom,3,Both,22,All Ages,493,Ischemic heart disease,3,Rate,2015,128.4900529455216,131.11401595809826,126.82158506292828
1,Deaths,95,United Kingdom,3,Both,22,All Ages,494,Stroke,3,Rate,2015,69.5940011414454,71.01738580636251,68.39140101246069
1,Deaths,194,Lesotho,3,Both,22,All Ages,493,Ischemic heart disease,3,Rate,2015,78.03613693881628,94.53281609773414,62.23900662118019
1,Deaths,194,Lesotho,3,Both,22,All Ages,494,Stroke,3,Rate,2015,94.20093714302955,112.72972366490018,74.9478988004488
1,Deaths,122,Ecuador,3,Both,22,All Ages,493,Ischemic heart disease,3,Rate,2015,52.84725239523078,55.67804679140283,50.13286304873191
1,Deaths,122,Ecuador,3,Both,22,All Ages,494,Stroke,3,Rate,2015,32.362600111310314,34.33011028963123,30.675280875897336
1,Deaths,197,Swaziland,3,Both,22,All Ages,493,Ischemic heart disease,3,Rate,2015,55.37187118220703,67.27792952351973,44.232262735220516
1,Deaths,197,Swaziland,3,Both,22,All Ages,494,Stroke,3,Rate,2015,51.79502086114124,62.81379408550905,41.42397571244392
1,Deaths,195,Namibia,3,Both,22,All Ages,493,Ischemic heart disease,3,Rate,2015,51.697496826605004,58.99602415606796,45.209966798693465
